RECPN200705040138,PN,RECOG200804080006,OG
RECPN200705040138,PN,RECPN200705040138,PN
RECPN200705040138,PN,RECPN200705160074,PN
RECPN200705040138,PN,RECPN201106140010,PN
RECPN200705040138,PN,RECPN201106140021,PN
RECPN200801280011,PN,RECOG200801250003,OG
RECPN201006230032,PN,RECOG200801250003,OG
RECPN201006230032,PN,RECOG201211120004,OG
RECPN201006230032,PN,RECOG201403030003,OG
RECPN201006230032,PN,RECOG201405050012,OG
RECPN201006230032,PN,RECOG201411100006,OG
RECPN201006230032,PN,RECOG201706100042,OG
RECPN201006230032,PN,RECOG201706100109,OG
RECPN201006230032,PN,RECOGR03-PROD-PASTORJDH1YY0O3M,OG
RECPN201308220064,PN,RECOG200707170044,OG
RECPN201308220064,PN,RECPN201308220064,PN
RECPN201308220064,PN,RECPNRO4-PROD-MACATANGAY0KLTJZEZ5S,PN
RECPN201403110006,PN,RECOG200704230009,OG
RECPN201403110006,PN,RECOG200704250008,OG
RECPN201609150042,PN,RECOG201304170010,OG
RECPN201701270053,PN,RECOG202103020001,OG
RECPN201701270053,PN,RECOGCRAD-SIMONS0IIB5VEMH,OG
RECPN201701270053,PN,RECOGR03-PROD-BERNARDOK3BGC4LFSW,OG
RECPN201701270053,PN,RECOGR03-PROD-PASTORMR8LFUE7V3,OG
RECPN201701270053,PN,RECOGR03-PROD-PASTORT28RDPGOW3,OG
RECPN201701270053,PN,RECOGRO2-PROD-AGOY18W389BRJK,OG
RECPN201701270053,PN,RECOGRO3-PROD-TAGAMA543MCS1O4R,OG
RECPN201701270053,PN,RECPN200705040138,PN
RECPN201701270053,PN,RECPN200705160039,PN
RECPN201701270053,PN,RECPN200801280011,PN
RECPN201701270053,PN,RECPN201006230032,PN
RECPN201701270053,PN,RECPN201308220064,PN
RECPN201701270053,PN,RECPN201403110006,PN
RECPN201701270053,PN,RECPN201410280030,PN
RECPN201701270053,PN,RECPN201508280053,PN
RECPN201701270053,PN,RECPN201607280013,PN
RECPN201701270053,PN,RECPN201609150042,PN
RECPN201701270053,PN,RECPNDESKTOP-4UJ39B520170913145552,PN
RECPN201701270053,PN,RECPNDESKTOP-4UJ39B520171116093547,PN
RECPN201701270053,PN,RECPNDESKTOP-4UJ39B520171120134429,PN
RECPN201701270053,PN,RECPNOIRRS-VENTURAR7PRK75L5Y,PN
RECPN201701270053,PN,RECPNR03-PROD-PASTOR64M9RFWKIO,PN
RECPN201701270053,PN,RECPNR03-PROD-PASTORGJCH8U3RC2,PN
RECPN201701270053,PN,RECPNRO3-PROD-IMPAS162RNT27T3,PN
RECPN201701270053,PN,RECPNRO3-PROD-TAGAMA8WA0KHGZWS,PN
RECPN201701270053,PN,RECPNRO3-PROD-TAGAMABT2OYX2OKV,PN
RECPN201701270053,PN,RECPNRO3-PROD-TAGAMASDBM09WF8Q,PN
